channel_name,video_title,category,views,likes,comments,video_length_min,publish_date,subscribers,country
Niana Guerrero,Niana Guerrero - Episode 101,Lifestyle,5060825,346794,32279,83.55,2023-02-21,6728900,PH
K Brosas,K Brosas - Episode 61,Vlogs,2627672,164695,12183,36.41,2024-01-23,5048917,PH
Camille Co,Camille Co - Episode 39,Music,6265091,605153,19633,78.98,2021-10-17,2167542,PH
Alex Gonzaga,Alex Gonzaga - Episode 74,Vlogs,6616593,416661,95039,28.81,2022-12-06,3652356,PH
Jamil,Jamil - Episode 109,News & Commentary,8604207,270141,44809,56.29,2022-06-02,3360252,PH
Niana Guerrero,Niana Guerrero - Episode 86,Music,9522591,839702,125856,84.05,2024-01-30,7838745,PH
Camille Co,Camille Co - Episode 10,Family,4881342,359924,29328,19.37,2024-04-04,8273698,PH
Team Payaman,Team Payaman - Episode 17,Reaction,3939808,110328,41108,81.21,2022-10-13,8251398,PH
Lloyd Cadena,Lloyd Cadena - Episode 79,Reaction,5133383,387450,24787,51.88,2022-10-10,7285805,PH
Vice Ganda,Vice Ganda - Episode 41,Vlogs,4135133,342607,47745,58.39,2022-07-21,14194707,PH
Mimiyuuuh,Mimiyuuuh - Episode 87,Music,5567703,502378,47627,33.57,2022-09-18,8270024,PH
Judy Ann's Kitchen,Judy Ann's Kitchen - Episode 23,Comedy,1380290,120559,18364,14.32,2024-01-09,3395580,PH
Ivana Alawi,Ivana Alawi - Episode 114,Gaming,1287825,100700,17649,76.76,2024-07-17,623352,PH
Doc Willie Ong,Doc Willie Ong - Episode 52,Education,9904166,366660,34069,24.93,2024-01-11,8020589,PH
Camille Co,Camille Co - Episode 47,Music,6590029,249528,80831,66.52,2022-08-19,2346154,PH
Lloyd Cadena,Lloyd Cadena - Episode 66,Family,1524244,78868,13757,60.32,2024-06-11,11578327,PH
Vice Ganda,Vice Ganda - Episode 18,Family,7491336,245249,73387,51.79,2021-10-27,12446685,PH
Andrea Brillantes,Andrea Brillantes - Episode 6,Reaction,3676175,297467,21251,25.26,2022-04-25,818206,PH
K Brosas,K Brosas - Episode 67,Beauty,6065792,309643,85011,79.58,2021-03-23,10980439,PH
Team Payaman,Team Payaman - Episode 91,Comedy,8752185,618651,54980,67.29,2024-03-31,9232678,PH
Doc Willie Ong,Doc Willie Ong - Episode 49,Music,6355486,312840,68893,75.52,2023-11-25,4320919,PH
Small Laude,Small Laude - Episode 67,Beauty,6813902,328647,91392,44.84,2023-09-15,14984275,PH
Wil Dasovich,Wil Dasovich - Episode 65,Vlogs,2336501,128955,13457,47.28,2022-07-30,3648668,PH
Bea Alonzo,Bea Alonzo - Episode 21,Music,6082092,414565,77871,60.18,2023-04-30,13709218,PH
Team Payaman,Team Payaman - Episode 15,Gaming,8083508,598327,70716,53.99,2023-04-22,476582,PH
Viy Cortez,Viy Cortez - Episode 17,Vlogs,9626507,648709,44442,47.11,2024-03-18,2563987,PH
Alex Gonzaga,Alex Gonzaga - Episode 34,Music,3025528,185559,23797,87.29,2021-02-08,14838934,PH
K Brosas,K Brosas - Episode 11,Lifestyle,3638834,203542,54267,78.32,2021-12-16,3780314,PH
Jamil,Jamil - Episode 19,Education,9780180,837537,50686,60.05,2022-06-26,2913903,PH
K Brosas,K Brosas - Episode 119,Reaction,7612966,515570,29128,35.28,2021-09-28,1921504,PH
Zeinab Harake,Zeinab Harake - Episode 67,Beauty,8466748,632884,109374,55.28,2021-12-30,8083760,PH
Wil Dasovich,Wil Dasovich - Episode 5,Education,8920915,537630,39342,44.44,2021-09-24,10224624,PH
Judy Ann's Kitchen,Judy Ann's Kitchen - Episode 115,Vlogs,7244315,447434,53930,5.82,2023-12-22,7296691,PH
Viy Cortez,Viy Cortez - Episode 102,Fitness,6401087,307517,81008,81.89,2024-03-25,1739417,PH
Jamil,Jamil - Episode 33,Music,8010101,650970,111508,9.38,2024-05-10,14809697,PH
Judy Ann's Kitchen,Judy Ann's Kitchen - Episode 33,Travel,3176246,64914,37872,2.63,2023-12-07,2076835,PH
Kyo Quijano,Kyo Quijano - Episode 49,Vlogs,3451353,258925,23437,33.88,2021-11-13,7248295,PH
Camille Co,Camille Co - Episode 33,Education,4388935,387973,35474,34.18,2022-07-19,11518668,PH
Small Laude,Small Laude - Episode 53,Beauty,9267783,766474,81460,34.58,2024-02-11,8216148,PH
Ivana Alawi,Ivana Alawi - Episode 74,Lifestyle,5782340,473779,44972,14.15,2021-09-01,12646240,PH
Viy Cortez,Viy Cortez - Episode 101,Fitness,2719471,76205,24747,71.18,2024-02-02,10401636,PH
Kathryn Bernardo,Kathryn Bernardo - Episode 91,News & Commentary,878301,28860,12801,2.47,2021-07-06,13911934,PH
Bea Alonzo,Bea Alonzo - Episode 119,Fitness,7309421,197729,45004,34.63,2024-06-01,733429,PH
Small Laude,Small Laude - Episode 79,Travel,8746022,375357,127362,7.06,2021-12-25,10842305,PH
Andrea Brillantes,Andrea Brillantes - Episode 2,Fitness,3389085,298393,48020,47.6,2022-02-03,663871,PH
Wil Dasovich,Wil Dasovich - Episode 67,Family,3891793,269371,43153,33.66,2021-01-01,2741484,PH
Donnalyn Bartolome,Donnalyn Bartolome - Episode 100,Lifestyle,6706385,323584,51918,53.58,2023-11-27,357807,PH
Kathryn Bernardo,Kathryn Bernardo - Episode 118,Comedy,1517732,97085,17778,51.2,2024-04-08,5940069,PH
Mimiyuuuh,Mimiyuuuh - Episode 29,Lifestyle,3268591,184285,25650,2.41,2021-12-25,6930585,PH
Kyo Quijano,Kyo Quijano - Episode 72,Comedy,1219435,73475,8633,12.3,2023-11-18,4423377,PH
Judy Ann's Kitchen,Judy Ann's Kitchen - Episode 33,Education,7433425,723156,72535,69.76,2022-11-27,13112388,PH
Lloyd Cadena,Lloyd Cadena - Episode 59,News & Commentary,9850315,876302,86521,24.69,2023-02-23,10731080,PH
Viy Cortez,Viy Cortez - Episode 90,News & Commentary,3862587,324507,30704,33.07,2024-01-03,263128,PH
Kathryn Bernardo,Kathryn Bernardo - Episode 32,Lifestyle,4824919,132399,53481,74.25,2021-06-05,9403830,PH
Vice Ganda,Vice Ganda - Episode 41,Fitness,5936382,222527,58678,18.09,2022-01-25,8471819,PH
Cong TV,Cong TV - Episode 95,Beauty,4066034,365208,22287,19.84,2022-05-27,14131368,PH
Wil Dasovich,Wil Dasovich - Episode 20,Reaction,1794949,53113,7075,86.11,2023-10-06,10398307,PH
Zeinab Harake,Zeinab Harake - Episode 6,Family,8096518,402362,54934,81.03,2024-03-22,14675522,PH
Ivana Alawi,Ivana Alawi - Episode 24,Fitness,8580399,363991,48608,52.75,2021-04-21,8920377,PH
Jamil,Jamil - Episode 70,Fitness,551310,33187,4258,62.4,2021-12-24,7770476,PH
Niana Guerrero,Niana Guerrero - Episode 67,Gaming,7723703,349513,23951,61.32,2023-02-17,9847700,PH
Niana Guerrero,Niana Guerrero - Episode 47,Reaction,4362055,152550,26844,25.71,2024-06-09,5856203,PH
Mimiyuuuh,Mimiyuuuh - Episode 64,Music,7117581,262230,81201,34.76,2023-04-01,4791405,PH
Lloyd Cadena,Lloyd Cadena - Episode 74,Music,2205150,216858,24768,73.65,2022-07-07,13590351,PH
Viy Cortez,Viy Cortez - Episode 56,Family,6395162,228211,80581,66.99,2023-08-27,13616872,PH
Zeinab Harake,Zeinab Harake - Episode 54,Music,8386860,257960,115061,57.5,2023-12-30,12188996,PH
Team Payaman,Team Payaman - Episode 39,Fitness,4215645,273894,41372,37.06,2021-12-01,1107243,PH
Cong TV,Cong TV - Episode 61,Lifestyle,1620677,90739,11370,33.76,2024-02-22,9453155,PH
Ivana Alawi,Ivana Alawi - Episode 3,Reaction,6913201,205315,92695,86.75,2022-02-12,9778000,PH
Doc Willie Ong,Doc Willie Ong - Episode 84,News & Commentary,9038494,306975,111749,33.25,2023-11-12,8278787,PH
Lloyd Cadena,Lloyd Cadena - Episode 49,Comedy,4812067,274769,69674,78.41,2022-11-22,7176906,PH
Camille Co,Camille Co - Episode 74,Education,6795959,597446,26206,16.26,2022-04-13,5359356,PH
Team Payaman,Team Payaman - Episode 38,News & Commentary,4492442,307421,34796,80.12,2023-01-14,12647604,PH
Doc Willie Ong,Doc Willie Ong - Episode 58,Family,6950583,232048,92098,13.0,2022-04-26,11206895,PH
Ivana Alawi,Ivana Alawi - Episode 90,Gaming,1348263,49677,10468,10.41,2023-08-28,9301191,PH
Alex Gonzaga,Alex Gonzaga - Episode 99,Vlogs,6665764,412734,99667,11.15,2024-06-19,2705071,PH
Donnalyn Bartolome,Donnalyn Bartolome - Episode 120,News & Commentary,6545534,292910,39068,27.01,2024-07-07,2220836,PH
Bea Alonzo,Bea Alonzo - Episode 108,Family,2867327,63900,31433,77.71,2022-10-29,14599560,PH
Andrea Brillantes,Andrea Brillantes - Episode 112,Fitness,9074497,860158,86956,13.89,2024-01-10,3070181,PH
Doc Willie Ong,Doc Willie Ong - Episode 59,Education,9467089,518779,101084,48.97,2022-12-13,8180774,PH
Judy Ann's Kitchen,Judy Ann's Kitchen - Episode 104,Beauty,1507467,83436,11139,24.86,2022-09-14,277097,PH
Zeinab Harake,Zeinab Harake - Episode 105,Family,2291742,108882,19778,2.73,2023-10-05,12774728,PH
Andrea Brillantes,Andrea Brillantes - Episode 2,Lifestyle,7226506,605849,73450,72.12,2024-01-28,6368704,PH
Cong TV,Cong TV - Episode 113,Travel,9409541,517228,56445,64.91,2023-03-10,13998696,PH
Small Laude,Small Laude - Episode 34,Beauty,1333918,71736,7836,69.28,2024-06-09,13648859,PH
Kathryn Bernardo,Kathryn Bernardo - Episode 35,News & Commentary,4781085,343647,44862,25.66,2022-01-21,14419052,PH
Donnalyn Bartolome,Donnalyn Bartolome - Episode 18,Music,4863602,140210,41166,41.84,2024-06-29,8354323,PH
Cong TV,Cong TV - Episode 3,Reaction,2557641,61308,24092,18.36,2021-07-29,4833096,PH
Ivana Alawi,Ivana Alawi - Episode 92,Music,7360410,575352,42644,15.26,2023-10-08,3743811,PH
Team Payaman,Team Payaman - Episode 40,Travel,8366693,835306,71654,71.65,2022-11-08,1445920,PH
Bea Alonzo,Bea Alonzo - Episode 35,Vlogs,6588744,169401,56938,18.91,2022-05-28,13811191,PH
Small Laude,Small Laude - Episode 16,Vlogs,4181895,212372,61472,23.75,2021-03-10,3441683,PH
Lloyd Cadena,Lloyd Cadena - Episode 99,Gaming,1581392,97557,23381,43.61,2022-10-02,5520100,PH
Vice Ganda,Vice Ganda - Episode 94,News & Commentary,712762,56720,6838,12.75,2023-09-13,10812588,PH
Toni Gonzaga Studio,Toni Gonzaga Studio - Episode 47,Beauty,878883,78301,4933,11.94,2024-07-20,7384023,PH
Team Payaman,Team Payaman - Episode 22,Vlogs,4637190,309651,35936,23.39,2021-03-28,9848854,PH
Kathryn Bernardo,Kathryn Bernardo - Episode 89,Fitness,2605333,129516,10613,15.88,2021-07-07,11608241,PH
Wil Dasovich,Wil Dasovich - Episode 120,Reaction,1012511,25092,10869,63.72,2021-08-08,2211034,PH
Andrea Brillantes,Andrea Brillantes - Episode 41,Beauty,9372565,778719,113224,72.89,2023-06-18,12400867,PH
Cong TV,Cong TV - Episode 89,Vlogs,6342911,308604,29283,81.08,2023-09-21,11955216,PH
Lloyd Cadena,Lloyd Cadena - Episode 38,Family,9110566,690244,48079,18.42,2022-12-14,5530463,PH
Lloyd Cadena,Lloyd Cadena - Episode 112,Lifestyle,9308307,305568,87252,41.55,2022-06-24,9186640,PH
Mimiyuuuh,Mimiyuuuh - Episode 1,Fitness,8493562,427425,44390,3.65,2023-01-16,13119397,PH
Wil Dasovich,Wil Dasovich - Episode 42,Beauty,1067698,77582,10108,36.1,2023-12-10,11562599,PH
Andrea Brillantes,Andrea Brillantes - Episode 20,Family,4755117,217822,50836,11.72,2023-12-08,11154357,PH
Donnalyn Bartolome,Donnalyn Bartolome - Episode 107,Vlogs,2182250,74831,7365,11.42,2022-01-28,1756810,PH
Alex Gonzaga,Alex Gonzaga - Episode 83,Education,6524606,473906,60743,63.72,2022-06-09,923520,PH
Mimiyuuuh,Mimiyuuuh - Episode 78,Beauty,1194067,25131,16779,59.71,2021-06-13,7952729,PH
Camille Co,Camille Co - Episode 47,Vlogs,9367020,744473,128189,74.34,2021-04-30,13918435,PH
Wil Dasovich,Wil Dasovich - Episode 68,Lifestyle,687046,54100,8940,8.86,2022-03-19,8815516,PH
Niana Guerrero,Niana Guerrero - Episode 93,Comedy,3880838,242679,20465,48.3,2022-05-25,9663477,PH
Camille Co,Camille Co - Episode 72,Music,9369062,498572,39970,58.2,2023-01-04,11416107,PH
Lloyd Cadena,Lloyd Cadena - Episode 86,Gaming,7170129,649799,35862,17.87,2023-04-03,8567339,PH
Team Payaman,Team Payaman - Episode 21,News & Commentary,8962363,895113,74532,33.0,2022-10-08,9328833,PH
Team Payaman,Team Payaman - Episode 53,Reaction,7229069,622367,49746,23.18,2024-01-23,3689118,PH
Small Laude,Small Laude - Episode 119,Family,4267908,208276,35973,86.46,2021-01-01,12285514,PH
Alex Gonzaga,Alex Gonzaga - Episode 77,Lifestyle,278509,17102,4155,28.56,2022-09-08,3822641,PH
Cong TV,Cong TV - Episode 3,Reaction,4634792,433487,42340,52.22,2024-03-16,2695683,PH
Niana Guerrero,Niana Guerrero - Episode 59,Vlogs,5971913,194018,36905,80.29,2022-05-27,4008993,PH
Ivana Alawi,Ivana Alawi - Episode 12,Lifestyle,9576186,497807,134206,66.62,2022-10-27,13402724,PH
Andrea Brillantes,Andrea Brillantes - Episode 63,Music,9672576,827597,40086,58.52,2021-03-18,12360610,PH
Doc Willie Ong,Doc Willie Ong - Episode 11,Travel,943227,88427,6614,79.42,2023-06-09,7088074,PH
Niana Guerrero,Niana Guerrero - Episode 96,Beauty,196837,13918,2083,6.76,2023-12-10,790923,PH
Team Payaman,Team Payaman - Episode 73,Family,2514536,116037,28598,15.48,2023-03-16,7576199,PH
Wil Dasovich,Wil Dasovich - Episode 65,Education,1516341,57267,9821,36.7,2021-09-28,5739966,PH
Donnalyn Bartolome,Donnalyn Bartolome - Episode 74,Fitness,832302,53144,5119,37.07,2023-06-09,13082631,PH
Kathryn Bernardo,Kathryn Bernardo - Episode 98,Music,2267755,132604,12194,36.79,2024-03-16,3390000,PH
Judy Ann's Kitchen,Judy Ann's Kitchen - Episode 95,Education,8800418,349373,33967,70.36,2022-10-25,11587996,PH
Doc Willie Ong,Doc Willie Ong - Episode 15,Comedy,6943755,374152,49854,30.22,2024-05-01,11095952,PH
Zeinab Harake,Zeinab Harake - Episode 22,Lifestyle,5872267,406934,87390,40.91,2021-10-26,7489750,PH
Alex Gonzaga,Alex Gonzaga - Episode 26,Beauty,6276672,203861,73699,9.55,2021-04-22,4177673,PH
Wil Dasovich,Wil Dasovich - Episode 112,Music,4831554,101939,54719,11.79,2023-07-11,8005261,PH
Zeinab Harake,Zeinab Harake - Episode 27,Reaction,9031233,333704,86312,68.03,2024-01-29,8203837,PH
Wil Dasovich,Wil Dasovich - Episode 19,Gaming,313508,15715,4349,48.36,2022-06-08,2957489,PH
Alex Gonzaga,Alex Gonzaga - Episode 26,Lifestyle,4556347,110476,49468,2.73,2023-03-07,11179217,PH
Ivana Alawi,Ivana Alawi - Episode 110,News & Commentary,6048474,539176,19530,78.33,2023-03-03,3978365,PH
Small Laude,Small Laude - Episode 91,Family,1676072,154717,14776,54.55,2021-06-30,3227564,PH
Cong TV,Cong TV - Episode 59,Family,9411775,885723,30662,23.77,2023-12-21,5215834,PH
Team Payaman,Team Payaman - Episode 51,Fitness,2639111,56661,29589,33.27,2022-09-12,4062858,PH
Kyo Quijano,Kyo Quijano - Episode 104,Lifestyle,1045350,73240,14158,80.36,2021-03-02,9410337,PH
Ivana Alawi,Ivana Alawi - Episode 20,Beauty,5739220,526711,62460,9.73,2023-02-22,8836195,PH
K Brosas,K Brosas - Episode 112,Education,3820608,203969,37727,39.53,2022-10-02,10256404,PH
Team Payaman,Team Payaman - Episode 70,Fitness,2215769,80965,10331,49.64,2022-02-19,14571819,PH
Bea Alonzo,Bea Alonzo - Episode 89,Lifestyle,8792997,815682,71757,81.99,2021-10-25,11109741,PH
Doc Willie Ong,Doc Willie Ong - Episode 41,Music,1142730,73805,16436,12.42,2022-10-13,14184850,PH
Bea Alonzo,Bea Alonzo - Episode 4,Gaming,5351688,483849,42644,38.19,2023-06-27,12609255,PH
Camille Co,Camille Co - Episode 36,Gaming,2554416,210301,10936,18.26,2024-06-07,10450644,PH
Ivana Alawi,Ivana Alawi - Episode 73,Education,3879049,262645,22385,4.3,2021-06-12,11645094,PH
Andrea Brillantes,Andrea Brillantes - Episode 65,Music,7869546,605652,58923,76.99,2023-10-04,8049832,PH
Bea Alonzo,Bea Alonzo - Episode 25,Music,3801232,85825,46277,3.32,2022-07-07,7029728,PH
Viy Cortez,Viy Cortez - Episode 86,Gaming,3407982,274758,12928,83.59,2023-06-19,14648010,PH
Wil Dasovich,Wil Dasovich - Episode 89,Fitness,5455844,487435,74477,39.62,2021-03-27,10299372,PH
Small Laude,Small Laude - Episode 41,Gaming,6617751,456097,78814,54.25,2023-12-12,10860802,PH
Kathryn Bernardo,Kathryn Bernardo - Episode 67,Vlogs,1839023,103222,23767,5.73,2022-05-19,8802386,PH
Judy Ann's Kitchen,Judy Ann's Kitchen - Episode 95,Travel,663532,42874,6100,57.5,2021-04-11,3285160,PH
Toni Gonzaga Studio,Toni Gonzaga Studio - Episode 51,Fitness,5114570,418853,32891,16.65,2022-08-26,10386686,PH
Alex Gonzaga,Alex Gonzaga - Episode 67,Gaming,2391384,136515,25715,9.96,2023-10-23,1998704,PH
Vice Ganda,Vice Ganda - Episode 115,Education,9172190,282728,73035,41.68,2022-01-02,7711499,PH
Doc Willie Ong,Doc Willie Ong - Episode 115,Gaming,3392856,307405,13850,30.52,2021-12-02,12152327,PH
Niana Guerrero,Niana Guerrero - Episode 15,Comedy,7544654,533601,30357,64.24,2023-11-14,10368873,PH
Vice Ganda,Vice Ganda - Episode 71,Travel,6390526,150257,32276,31.5,2021-11-04,2819990,PH
Bea Alonzo,Bea Alonzo - Episode 99,Music,865847,46380,5813,69.64,2023-07-03,4944933,PH
Camille Co,Camille Co - Episode 16,Music,2212395,214236,6730,69.35,2021-01-26,7794746,PH
Andrea Brillantes,Andrea Brillantes - Episode 70,Fitness,101478,6965,905,21.08,2023-09-02,7712468,PH
Jamil,Jamil - Episode 11,Fitness,115277,4562,1102,56.54,2024-02-16,13859353,PH
Cong TV,Cong TV - Episode 24,Vlogs,2492325,60825,17915,14.79,2021-03-08,11290345,PH
Doc Willie Ong,Doc Willie Ong - Episode 39,Education,5560122,520598,19951,38.69,2022-01-01,2806755,PH
K Brosas,K Brosas - Episode 79,Lifestyle,9986923,656965,97333,87.03,2024-03-31,6142962,PH
Alex Gonzaga,Alex Gonzaga - Episode 99,Comedy,5026328,230335,69214,74.18,2023-05-26,14248387,PH
Judy Ann's Kitchen,Judy Ann's Kitchen - Episode 38,Comedy,7903995,243155,89595,26.15,2023-12-16,7041705,PH
Kyo Quijano,Kyo Quijano - Episode 90,Beauty,3512293,242222,15143,66.22,2024-07-12,8974251,PH
Donnalyn Bartolome,Donnalyn Bartolome - Episode 93,Fitness,4823203,261245,63538,24.85,2024-03-23,10556301,PH
Mimiyuuuh,Mimiyuuuh - Episode 79,Music,9444437,563943,110974,45.8,2022-01-04,14925416,PH
Wil Dasovich,Wil Dasovich - Episode 91,Beauty,4878580,479762,14728,4.11,2024-07-04,13466954,PH
Niana Guerrero,Niana Guerrero - Episode 109,Gaming,3483434,292487,52209,38.44,2022-11-15,5966154,PH
Judy Ann's Kitchen,Judy Ann's Kitchen - Episode 28,News & Commentary,194536,13860,2194,24.39,2021-05-19,5263566,PH
Toni Gonzaga Studio,Toni Gonzaga Studio - Episode 71,Family,5439540,442575,23749,31.33,2023-03-23,12253358,PH
Doc Willie Ong,Doc Willie Ong - Episode 4,Education,2951567,104843,38387,83.16,2023-09-09,8060796,PH
Alex Gonzaga,Alex Gonzaga - Episode 18,News & Commentary,8083154,262143,68928,78.14,2022-11-18,7858960,PH
Jamil,Jamil - Episode 8,Gaming,8747158,384415,102337,29.76,2024-01-03,414043,PH
Cong TV,Cong TV - Episode 88,Education,5570326,467700,76070,33.12,2021-11-02,4805338,PH
Zeinab Harake,Zeinab Harake - Episode 49,Reaction,8968616,783789,88356,36.28,2024-05-03,2060327,PH
Toni Gonzaga Studio,Toni Gonzaga Studio - Episode 110,Gaming,5281424,405545,33050,9.64,2022-05-02,6334137,PH
Lloyd Cadena,Lloyd Cadena - Episode 28,Lifestyle,8814723,389482,38315,71.08,2022-02-18,1653639,PH
Lloyd Cadena,Lloyd Cadena - Episode 4,Family,8102744,748664,39289,31.93,2023-09-18,12388321,PH
Kyo Quijano,Kyo Quijano - Episode 100,Lifestyle,5496819,172949,73995,74.35,2023-11-24,11453432,PH
Bea Alonzo,Bea Alonzo - Episode 93,Beauty,618249,35085,7149,47.97,2021-01-09,5317400,PH
Alex Gonzaga,Alex Gonzaga - Episode 109,News & Commentary,9975491,895300,69823,80.25,2021-07-31,8833844,PH
K Brosas,K Brosas - Episode 40,Gaming,382156,25300,2577,80.51,2022-10-20,3464763,PH
Cong TV,Cong TV - Episode 36,Lifestyle,8935106,406833,74102,12.35,2021-11-02,2742344,PH
Ivana Alawi,Ivana Alawi - Episode 2,Comedy,9393962,574204,51468,32.83,2022-10-15,4647499,PH
Bea Alonzo,Bea Alonzo - Episode 103,Gaming,4757443,313642,24050,29.4,2022-11-25,9169378,PH
Lloyd Cadena,Lloyd Cadena - Episode 17,Vlogs,491416,28334,5457,11.32,2021-04-21,1544846,PH
Jamil,Jamil - Episode 23,Travel,9949799,700044,112248,41.23,2022-12-30,5341884,PH
Team Payaman,Team Payaman - Episode 92,Beauty,8955391,235380,126032,69.27,2024-03-08,2311157,PH
Donnalyn Bartolome,Donnalyn Bartolome - Episode 60,Gaming,1636802,92392,18354,64.5,2023-08-12,7994449,PH
Viy Cortez,Viy Cortez - Episode 19,Beauty,4334406,403225,33396,63.57,2022-11-08,13333510,PH
Team Payaman,Team Payaman - Episode 63,Fitness,512747,12936,2232,44.12,2021-12-16,4835492,PH
Mimiyuuuh,Mimiyuuuh - Episode 74,Education,2142316,129901,16856,64.86,2021-08-08,5567186,PH
Judy Ann's Kitchen,Judy Ann's Kitchen - Episode 10,News & Commentary,5073701,317713,39624,38.38,2024-06-25,4188457,PH
Judy Ann's Kitchen,Judy Ann's Kitchen - Episode 62,Music,6444371,162944,35436,63.08,2023-06-02,13258604,PH
Jamil,Jamil - Episode 101,Education,5746177,365239,33522,60.31,2021-06-09,12504520,PH
Kathryn Bernardo,Kathryn Bernardo - Episode 108,Education,8169301,238101,82942,30.63,2021-07-19,13891258,PH
Lloyd Cadena,Lloyd Cadena - Episode 40,Music,6813088,174201,29329,73.64,2023-02-16,5592998,PH
Andrea Brillantes,Andrea Brillantes - Episode 85,News & Commentary,1036500,28236,13271,80.08,2021-01-01,12801656,PH
Bea Alonzo,Bea Alonzo - Episode 20,News & Commentary,7604649,475294,58402,52.86,2022-02-05,3550430,PH
K Brosas,K Brosas - Episode 39,Reaction,9572650,799773,106780,82.83,2023-06-10,12142538,PH
Mimiyuuuh,Mimiyuuuh - Episode 75,Comedy,141218,9732,1288,76.59,2022-08-26,1147075,PH
Mimiyuuuh,Mimiyuuuh - Episode 7,Family,19148,1460,246,33.61,2022-08-01,14623694,PH
Zeinab Harake,Zeinab Harake - Episode 56,Beauty,9906306,510585,67536,35.69,2023-02-21,7401277,PH
Judy Ann's Kitchen,Judy Ann's Kitchen - Episode 85,Beauty,2914338,169001,15325,35.84,2023-01-08,14192235,PH
Jamil,Jamil - Episode 37,Music,2111365,64907,8151,3.38,2023-09-24,11138178,PH
Jamil,Jamil - Episode 11,Music,2307174,164684,18434,42.13,2024-05-22,7242130,PH
Wil Dasovich,Wil Dasovich - Episode 59,Music,8551564,461185,109809,35.85,2022-04-08,3217056,PH
Jamil,Jamil - Episode 1,Education,9701199,580641,114192,64.67,2022-07-06,6992714,PH
Judy Ann's Kitchen,Judy Ann's Kitchen - Episode 47,Education,566397,55653,5560,64.03,2021-08-20,9835294,PH
Andrea Brillantes,Andrea Brillantes - Episode 11,Gaming,2388832,187319,22256,77.62,2022-07-27,7900337,PH
Kyo Quijano,Kyo Quijano - Episode 67,Comedy,1488883,58987,15734,60.41,2021-06-09,11576857,PH
Camille Co,Camille Co - Episode 103,Family,9729551,437829,35350,32.23,2021-01-23,7966313,PH
Lloyd Cadena,Lloyd Cadena - Episode 116,Family,7877413,519257,54969,33.06,2022-08-27,4952112,PH
Vice Ganda,Vice Ganda - Episode 89,Vlogs,5106462,399109,49861,7.4,2023-08-28,9799597,PH
Vice Ganda,Vice Ganda - Episode 7,Education,4899806,415070,51407,27.24,2021-06-18,2227708,PH
Kyo Quijano,Kyo Quijano - Episode 109,Comedy,4666529,187426,48483,26.22,2022-06-11,338286,PH
Niana Guerrero,Niana Guerrero - Episode 23,Education,9933255,785893,108370,34.54,2021-12-26,4483091,PH
Kathryn Bernardo,Kathryn Bernardo - Episode 63,Beauty,3038474,255079,40545,32.17,2021-06-22,2533874,PH
Wil Dasovich,Wil Dasovich - Episode 108,Music,8325631,667889,66233,35.72,2023-06-21,12280243,PH
Camille Co,Camille Co - Episode 27,Music,9698160,763719,69253,58.52,2021-08-26,981193,PH
Vice Ganda,Vice Ganda - Episode 52,Fitness,7994846,352647,95568,68.21,2023-12-27,4020186,PH
Small Laude,Small Laude - Episode 91,News & Commentary,6549296,379644,31055,78.58,2021-01-25,4945129,PH
Lloyd Cadena,Lloyd Cadena - Episode 87,Travel,5301376,513920,59346,5.61,2023-12-25,10794202,PH
Mimiyuuuh,Mimiyuuuh - Episode 79,Travel,4578311,214253,28408,10.65,2024-04-11,6662471,PH
Lloyd Cadena,Lloyd Cadena - Episode 96,News & Commentary,4061679,319837,40879,19.15,2022-11-23,11470223,PH
Kathryn Bernardo,Kathryn Bernardo - Episode 41,Music,9192414,191627,28512,7.98,2023-04-23,1739113,PH
Kyo Quijano,Kyo Quijano - Episode 88,Comedy,7486668,360268,87616,24.17,2021-03-11,497627,PH
Wil Dasovich,Wil Dasovich - Episode 8,Comedy,9972991,723325,129903,85.64,2021-09-07,11979528,PH
Niana Guerrero,Niana Guerrero - Episode 110,Comedy,2184482,109391,26577,59.02,2022-01-14,1959671,PH
Kathryn Bernardo,Kathryn Bernardo - Episode 33,Music,4947041,283744,70417,58.21,2022-07-21,13007704,PH
Jamil,Jamil - Episode 116,Gaming,5430820,220420,67172,26.4,2021-05-08,6522301,PH
Small Laude,Small Laude - Episode 8,Reaction,4337524,418347,26788,40.77,2023-10-05,3466669,PH
Wil Dasovich,Wil Dasovich - Episode 23,Travel,8260351,236860,78370,39.95,2024-06-11,10893423,PH
Niana Guerrero,Niana Guerrero - Episode 92,Fitness,4350236,122950,16857,52.28,2022-05-29,13139875,PH
Lloyd Cadena,Lloyd Cadena - Episode 115,Vlogs,8355043,266595,89265,84.09,2023-03-11,4570062,PH
Bea Alonzo,Bea Alonzo - Episode 43,Gaming,6570434,433459,60346,84.71,2023-10-02,8121848,PH
Jamil,Jamil - Episode 109,Travel,1181077,74656,3590,85.97,2023-09-15,2133459,PH
Doc Willie Ong,Doc Willie Ong - Episode 120,Family,6026650,281294,39980,6.86,2021-07-05,6229645,PH
Judy Ann's Kitchen,Judy Ann's Kitchen - Episode 11,Reaction,7716468,623770,49998,19.87,2024-02-10,759867,PH
Small Laude,Small Laude - Episode 25,News & Commentary,5019212,379806,69051,57.49,2023-01-06,8262175,PH
Donnalyn Bartolome,Donnalyn Bartolome - Episode 57,News & Commentary,3183686,99316,16928,65.34,2024-04-29,4101116,PH
Andrea Brillantes,Andrea Brillantes - Episode 9,Travel,9073958,648539,81631,86.92,2023-07-10,375453,PH
Alex Gonzaga,Alex Gonzaga - Episode 8,Reaction,5670977,470817,19926,12.4,2023-12-08,7790178,PH
K Brosas,K Brosas - Episode 20,Family,9724808,375755,37580,66.72,2023-09-29,11069472,PH
Zeinab Harake,Zeinab Harake - Episode 117,Fitness,773424,30484,8341,3.26,2024-07-19,938156,PH
Toni Gonzaga Studio,Toni Gonzaga Studio - Episode 59,Comedy,2868692,249083,10807,73.94,2021-08-22,8440683,PH
Wil Dasovich,Wil Dasovich - Episode 29,Education,1063811,89739,8632,73.41,2023-04-04,5539759,PH
Niana Guerrero,Niana Guerrero - Episode 74,News & Commentary,9163427,283941,119464,71.79,2021-04-04,10050319,PH
Vice Ganda,Vice Ganda - Episode 9,Reaction,2030773,85112,24553,16.79,2023-01-28,9384641,PH
Vice Ganda,Vice Ganda - Episode 32,Fitness,9769101,227189,41026,76.57,2024-06-08,6410431,PH
Vice Ganda,Vice Ganda - Episode 113,Vlogs,8174958,216291,25233,83.5,2024-04-30,14979966,PH
Toni Gonzaga Studio,Toni Gonzaga Studio - Episode 89,Travel,7991164,602443,43743,58.3,2023-12-08,7656779,PH
Jamil,Jamil - Episode 23,Beauty,636179,43070,7383,55.86,2021-06-30,10622529,PH
Toni Gonzaga Studio,Toni Gonzaga Studio - Episode 54,Reaction,81672,5277,433,88.82,2021-07-15,10483770,PH
Mimiyuuuh,Mimiyuuuh - Episode 65,Family,3683843,210484,38745,20.31,2021-04-19,3350065,PH
Niana Guerrero,Niana Guerrero - Episode 88,Music,7964326,476276,39161,83.2,2021-04-21,10918969,PH
Mimiyuuuh,Mimiyuuuh - Episode 27,Lifestyle,7297580,292709,75908,80.33,2023-07-18,826746,PH
Niana Guerrero,Niana Guerrero - Episode 7,Gaming,9020415,307334,112086,44.69,2021-08-26,1288825,PH
Viy Cortez,Viy Cortez - Episode 57,Gaming,9948967,660421,79878,67.74,2022-10-30,3959820,PH
Niana Guerrero,Niana Guerrero - Episode 30,Reaction,1650243,64309,13121,19.6,2022-03-28,1333623,PH
Andrea Brillantes,Andrea Brillantes - Episode 63,Education,916663,83635,4344,83.65,2023-07-21,3087363,PH
Small Laude,Small Laude - Episode 18,Reaction,7684606,596215,81335,87.85,2022-02-19,5735321,PH
Bea Alonzo,Bea Alonzo - Episode 89,Vlogs,9545629,236465,44272,76.95,2023-07-29,7116631,PH
Vice Ganda,Vice Ganda - Episode 29,Reaction,4956988,338517,61836,58.14,2024-06-06,2951044,PH
Doc Willie Ong,Doc Willie Ong - Episode 110,Family,3858765,103870,51258,45.05,2022-03-20,10025080,PH
Andrea Brillantes,Andrea Brillantes - Episode 36,Fitness,248334,19469,2938,23.71,2022-11-02,7385484,PH
Doc Willie Ong,Doc Willie Ong - Episode 115,Beauty,9933280,950616,138718,81.05,2023-05-06,841958,PH
Alex Gonzaga,Alex Gonzaga - Episode 94,Fitness,8464346,192053,79340,44.18,2021-07-20,7690706,PH
Andrea Brillantes,Andrea Brillantes - Episode 11,Beauty,9374856,752297,106103,37.78,2022-03-23,2326537,PH
Mimiyuuuh,Mimiyuuuh - Episode 31,Lifestyle,1527188,32490,16842,16.24,2023-07-30,14493544,PH
Doc Willie Ong,Doc Willie Ong - Episode 75,Gaming,414590,40676,3551,14.2,2023-04-11,3202874,PH
Mimiyuuuh,Mimiyuuuh - Episode 60,News & Commentary,27878,2476,107,80.62,2022-11-13,9007365,PH
Alex Gonzaga,Alex Gonzaga - Episode 55,Lifestyle,4531314,343674,46899,52.62,2022-03-01,13315276,PH
K Brosas,K Brosas - Episode 80,Comedy,5637022,444540,20618,85.19,2023-01-16,14997797,PH
Alex Gonzaga,Alex Gonzaga - Episode 50,Comedy,6138596,351300,21426,34.25,2024-02-19,11925817,PH
Donnalyn Bartolome,Donnalyn Bartolome - Episode 91,Family,3439507,106873,24142,49.49,2023-09-07,12471184,PH
Doc Willie Ong,Doc Willie Ong - Episode 27,Gaming,3787209,172837,52169,46.31,2023-05-17,4749727,PH
Alex Gonzaga,Alex Gonzaga - Episode 48,Comedy,5796940,325746,52273,75.0,2023-08-21,12008892,PH
Judy Ann's Kitchen,Judy Ann's Kitchen - Episode 106,News & Commentary,8944831,822531,75348,34.4,2021-05-15,3260048,PH
Lloyd Cadena,Lloyd Cadena - Episode 11,Comedy,6559564,602401,42377,86.18,2021-08-12,2864318,PH
Ivana Alawi,Ivana Alawi - Episode 90,Comedy,2487256,148504,33577,47.82,2024-07-08,480679,PH
Toni Gonzaga Studio,Toni Gonzaga Studio - Episode 88,Travel,9088771,859231,78952,38.97,2021-02-13,4990840,PH
Cong TV,Cong TV - Episode 3,Comedy,3902818,338748,36044,31.56,2024-03-31,5851103,PH
Camille Co,Camille Co - Episode 101,News & Commentary,5479513,322698,60221,48.65,2024-01-29,7570161,PH
Lloyd Cadena,Lloyd Cadena - Episode 73,Lifestyle,2218824,203826,14817,71.46,2022-04-10,8224251,PH
Mimiyuuuh,Mimiyuuuh - Episode 99,Lifestyle,798880,25457,5122,86.15,2024-06-20,2797606,PH
Kathryn Bernardo,Kathryn Bernardo - Episode 37,Family,3063159,299749,40041,62.97,2021-11-11,2805405,PH
Viy Cortez,Viy Cortez - Episode 6,Comedy,5317100,350726,44082,34.53,2022-02-25,9536969,PH
Kathryn Bernardo,Kathryn Bernardo - Episode 86,Vlogs,5322433,522885,25416,41.46,2021-11-29,9053043,PH
Toni Gonzaga Studio,Toni Gonzaga Studio - Episode 118,Comedy,423175,22159,3805,14.79,2023-07-28,5472365,PH
Bea Alonzo,Bea Alonzo - Episode 95,Vlogs,9167802,898885,63948,64.08,2023-08-29,4962493,PH
Doc Willie Ong,Doc Willie Ong - Episode 19,News & Commentary,9488011,742754,133472,31.8,2021-08-19,12374891,PH
Andrea Brillantes,Andrea Brillantes - Episode 18,Vlogs,9248574,271446,30497,56.34,2022-03-28,7582180,PH
Mimiyuuuh,Mimiyuuuh - Episode 42,Comedy,928311,63730,4958,48.33,2022-07-24,3383564,PH
Zeinab Harake,Zeinab Harake - Episode 69,Comedy,7478546,554646,108375,87.87,2023-03-19,3362330,PH
Andrea Brillantes,Andrea Brillantes - Episode 78,Reaction,8587482,819865,119377,33.77,2021-10-30,12111878,PH
Jamil,Jamil - Episode 50,Reaction,6260068,131306,44690,29.11,2023-07-02,14768349,PH
Judy Ann's Kitchen,Judy Ann's Kitchen - Episode 28,Comedy,7457780,591567,59567,40.94,2021-12-02,13616946,PH
Jamil,Jamil - Episode 115,Gaming,6954018,216724,69861,9.57,2022-03-02,5187374,PH
Andrea Brillantes,Andrea Brillantes - Episode 43,Family,1114238,105465,11240,35.07,2021-01-14,6969609,PH
Camille Co,Camille Co - Episode 54,Lifestyle,2939217,189476,33868,68.46,2021-10-08,3442987,PH
Vice Ganda,Vice Ganda - Episode 38,Travel,9297345,550838,119690,28.58,2024-04-13,5198837,PH
Andrea Brillantes,Andrea Brillantes - Episode 95,Family,7780431,295357,97213,15.55,2022-09-07,10846733,PH
Camille Co,Camille Co - Episode 16,Fitness,4831621,257875,43014,62.53,2022-05-17,577187,PH
Niana Guerrero,Niana Guerrero - Episode 64,Lifestyle,1124456,76363,8254,44.28,2023-06-13,14668427,PH
Ivana Alawi,Ivana Alawi - Episode 88,News & Commentary,7991637,782706,102447,34.84,2024-03-24,394357,PH
Ivana Alawi,Ivana Alawi - Episode 75,Music,986641,31267,8418,63.01,2023-01-02,2839867,PH
Alex Gonzaga,Alex Gonzaga - Episode 47,Lifestyle,7043277,499366,101859,6.29,2022-08-21,8985420,PH
Camille Co,Camille Co - Episode 66,Comedy,3256673,264817,16931,10.32,2021-12-09,9221979,PH
Team Payaman,Team Payaman - Episode 106,Reaction,5056155,210926,57516,33.9,2023-12-31,9831567,PH
Mimiyuuuh,Mimiyuuuh - Episode 2,Music,2302630,141505,17214,44.67,2022-11-28,2835175,PH
Niana Guerrero,Niana Guerrero - Episode 20,Beauty,8450363,318486,44457,80.94,2024-06-10,11670454,PH
Kyo Quijano,Kyo Quijano - Episode 92,Family,9251138,704762,116850,38.73,2021-06-06,2055647,PH
Bea Alonzo,Bea Alonzo - Episode 62,Vlogs,5846992,262681,42980,73.9,2024-05-08,8876515,PH
Team Payaman,Team Payaman - Episode 91,Music,5116753,114107,65365,21.57,2021-10-19,11643515,PH
Viy Cortez,Viy Cortez - Episode 17,Lifestyle,3525547,107238,13902,62.79,2021-08-17,1404181,PH
Zeinab Harake,Zeinab Harake - Episode 97,Fitness,7240132,169428,31087,71.79,2023-11-18,10051844,PH
Alex Gonzaga,Alex Gonzaga - Episode 16,Fitness,4249844,99712,28132,2.9,2021-07-17,13226004,PH
Niana Guerrero,Niana Guerrero - Episode 27,Education,9863343,908354,51460,32.93,2021-07-05,2542040,PH
Ivana Alawi,Ivana Alawi - Episode 45,Education,5913990,194242,53270,66.11,2022-05-11,8570971,PH
Doc Willie Ong,Doc Willie Ong - Episode 13,Comedy,9704473,786639,90698,64.99,2022-08-01,2981880,PH
Judy Ann's Kitchen,Judy Ann's Kitchen - Episode 93,Vlogs,1660671,156001,23325,76.91,2023-08-31,6248229,PH
Kathryn Bernardo,Kathryn Bernardo - Episode 24,Education,7381368,545350,31650,75.46,2023-02-17,7215080,PH
Cong TV,Cong TV - Episode 30,Family,6843023,198636,101381,12.88,2021-08-14,8819581,PH
Bea Alonzo,Bea Alonzo - Episode 98,Fitness,6065776,463294,58750,5.57,2022-11-03,8383126,PH
Niana Guerrero,Niana Guerrero - Episode 37,Travel,7671277,521885,51735,87.9,2023-06-29,3889527,PH
Judy Ann's Kitchen,Judy Ann's Kitchen - Episode 38,Travel,7185005,252213,27556,76.01,2023-09-02,11493929,PH
Mimiyuuuh,Mimiyuuuh - Episode 2,Music,8253490,608840,64017,47.99,2021-06-24,2100143,PH
Bea Alonzo,Bea Alonzo - Episode 52,Travel,9912906,973503,117935,80.53,2021-12-12,1185660,PH
Mimiyuuuh,Mimiyuuuh - Episode 44,Beauty,3364863,227454,50095,12.8,2023-05-20,12266845,PH
Andrea Brillantes,Andrea Brillantes - Episode 98,Lifestyle,9767974,659260,117954,72.49,2023-03-31,6074321,PH
Andrea Brillantes,Andrea Brillantes - Episode 78,News & Commentary,6790437,672265,62044,14.97,2023-07-21,1912554,PH
Niana Guerrero,Niana Guerrero - Episode 63,Lifestyle,8347869,321106,119448,4.62,2021-04-19,14030331,PH
Donnalyn Bartolome,Donnalyn Bartolome - Episode 87,Fitness,453771,44363,3444,61.77,2021-11-09,5179345,PH
Wil Dasovich,Wil Dasovich - Episode 13,Education,1288746,93932,11907,45.31,2023-08-13,3487852,PH
Toni Gonzaga Studio,Toni Gonzaga Studio - Episode 64,News & Commentary,8230036,496959,78261,73.23,2024-01-13,9270762,PH
Zeinab Harake,Zeinab Harake - Episode 56,Vlogs,2003738,101570,13574,35.12,2023-07-31,703663,PH
Alex Gonzaga,Alex Gonzaga - Episode 72,Music,5089244,461981,25292,39.9,2022-10-02,12107842,PH
Small Laude,Small Laude - Episode 98,Fitness,1840125,120543,16352,50.73,2024-01-10,9700094,PH
Andrea Brillantes,Andrea Brillantes - Episode 72,Fitness,2627462,159052,20222,45.53,2023-02-13,10450530,PH
K Brosas,K Brosas - Episode 99,Reaction,4777070,218018,15944,5.97,2023-01-21,5953181,PH
Doc Willie Ong,Doc Willie Ong - Episode 98,Vlogs,5730334,289071,46632,89.29,2023-04-24,5993320,PH
Alex Gonzaga,Alex Gonzaga - Episode 32,News & Commentary,4159272,161254,28055,9.47,2021-05-15,14678393,PH
Toni Gonzaga Studio,Toni Gonzaga Studio - Episode 44,Comedy,2853423,61568,19726,42.56,2023-05-16,9630287,PH
Kyo Quijano,Kyo Quijano - Episode 35,Travel,347293,26281,3492,88.75,2023-02-13,9668944,PH
Small Laude,Small Laude - Episode 74,Reaction,1644564,139238,6908,61.41,2022-11-20,8433769,PH
Kyo Quijano,Kyo Quijano - Episode 44,News & Commentary,2800540,193758,20612,40.37,2023-10-15,10760984,PH
Donnalyn Bartolome,Donnalyn Bartolome - Episode 28,Family,4826026,198892,31696,52.47,2022-04-08,10578584,PH
Donnalyn Bartolome,Donnalyn Bartolome - Episode 109,Gaming,9705473,267664,68346,7.92,2023-12-24,8073680,PH
Jamil,Jamil - Episode 45,Beauty,1291168,93122,8550,72.76,2023-06-06,11230956,PH
Judy Ann's Kitchen,Judy Ann's Kitchen - Episode 26,Reaction,6956039,362994,73035,41.88,2024-01-27,3129979,PH
Zeinab Harake,Zeinab Harake - Episode 91,News & Commentary,8665803,771401,85983,20.74,2023-08-16,4595219,PH
Camille Co,Camille Co - Episode 104,Family,7281689,690092,85336,7.27,2022-02-15,6211514,PH
Lloyd Cadena,Lloyd Cadena - Episode 31,Music,2529512,201639,30825,76.28,2023-04-21,5446113,PH
Donnalyn Bartolome,Donnalyn Bartolome - Episode 27,News & Commentary,6924567,286363,44625,16.13,2024-05-16,4061601,PH
Small Laude,Small Laude - Episode 15,Beauty,2520949,89123,14992,74.8,2023-08-09,8243364,PH
Judy Ann's Kitchen,Judy Ann's Kitchen - Episode 55,Travel,625819,22629,3925,4.56,2022-07-23,11150660,PH
Judy Ann's Kitchen,Judy Ann's Kitchen - Episode 83,Music,713541,69286,6300,3.75,2021-06-21,5366448,PH
Wil Dasovich,Wil Dasovich - Episode 111,Lifestyle,1071723,98647,8449,33.98,2021-07-04,6758793,PH
Bea Alonzo,Bea Alonzo - Episode 15,Beauty,9584343,754847,136051,47.93,2024-04-03,13104286,PH
Kyo Quijano,Kyo Quijano - Episode 64,Lifestyle,1519123,59315,6786,72.99,2022-11-06,14064250,PH
Doc Willie Ong,Doc Willie Ong - Episode 50,Gaming,3963384,375887,22258,11.4,2022-03-15,4706139,PH
Lloyd Cadena,Lloyd Cadena - Episode 33,Travel,9894849,242166,93027,63.57,2021-08-20,5409820,PH
Judy Ann's Kitchen,Judy Ann's Kitchen - Episode 61,Travel,4138011,401656,56083,84.45,2023-01-14,8072898,PH
Kathryn Bernardo,Kathryn Bernardo - Episode 106,Reaction,5175258,112230,75567,55.31,2021-04-22,11687728,PH
K Brosas,K Brosas - Episode 33,Beauty,9278235,471104,98974,63.65,2021-09-07,9074312,PH
Viy Cortez,Viy Cortez - Episode 50,Fitness,136971,12708,1056,88.06,2022-06-08,5148065,PH
Donnalyn Bartolome,Donnalyn Bartolome - Episode 39,Beauty,3534699,313716,17400,40.62,2022-10-12,14855011,PH
Camille Co,Camille Co - Episode 102,Travel,573440,24040,2271,70.59,2023-10-04,8003600,PH
Jamil,Jamil - Episode 92,Reaction,7091125,639200,91070,74.55,2022-06-19,8594883,PH
Donnalyn Bartolome,Donnalyn Bartolome - Episode 54,Reaction,9194346,726563,77592,4.41,2021-04-17,10860449,PH
Camille Co,Camille Co - Episode 81,Music,7444100,619956,34489,37.26,2024-07-10,5226237,PH
Team Payaman,Team Payaman - Episode 11,Education,1864388,60827,17145,87.33,2021-09-24,14309638,PH
Wil Dasovich,Wil Dasovich - Episode 53,News & Commentary,5363628,301002,72312,13.75,2021-12-22,11633780,PH
Doc Willie Ong,Doc Willie Ong - Episode 103,Reaction,4732774,169873,37738,18.01,2023-02-12,14103590,PH
Doc Willie Ong,Doc Willie Ong - Episode 3,Beauty,390374,36636,4202,57.14,2021-07-02,7858202,PH
Cong TV,Cong TV - Episode 90,Lifestyle,2836255,68020,29542,54.83,2021-11-02,1594200,PH
Mimiyuuuh,Mimiyuuuh - Episode 73,Music,1973815,41705,18376,70.06,2023-07-19,13979076,PH
K Brosas,K Brosas - Episode 16,Fitness,3771215,290704,19936,77.85,2022-06-30,4931200,PH
Andrea Brillantes,Andrea Brillantes - Episode 17,Travel,7241157,640893,73866,89.58,2022-08-03,12292138,PH
K Brosas,K Brosas - Episode 54,Beauty,3031104,159684,14401,27.54,2022-06-21,4050793,PH
Wil Dasovich,Wil Dasovich - Episode 117,Fitness,4171084,206764,46762,42.32,2021-01-22,7966528,PH
Bea Alonzo,Bea Alonzo - Episode 89,Reaction,6674861,500268,77161,64.34,2024-05-08,4398752,PH
Donnalyn Bartolome,Donnalyn Bartolome - Episode 72,Comedy,990700,23944,14040,43.44,2022-12-27,10273275,PH
K Brosas,K Brosas - Episode 91,Education,768562,15700,6958,35.52,2023-03-20,11361907,PH
Mimiyuuuh,Mimiyuuuh - Episode 115,Music,9392865,218759,48396,16.95,2023-10-07,5790441,PH
Lloyd Cadena,Lloyd Cadena - Episode 12,Music,5328702,409353,43669,24.92,2022-10-04,840918,PH
Bea Alonzo,Bea Alonzo - Episode 112,Fitness,4719408,376730,66613,26.9,2022-06-24,10383285,PH
Ivana Alawi,Ivana Alawi - Episode 41,Family,7316097,668791,49650,89.52,2021-11-06,9422674,PH
K Brosas,K Brosas - Episode 103,News & Commentary,7386800,179187,35334,22.23,2021-03-15,7989444,PH
Ivana Alawi,Ivana Alawi - Episode 91,Music,7842188,430648,117181,83.59,2021-03-25,7507471,PH
Mimiyuuuh,Mimiyuuuh - Episode 72,Gaming,8145297,461193,35431,65.34,2021-10-31,2174573,PH
Mimiyuuuh,Mimiyuuuh - Episode 27,Comedy,4771683,164395,23951,46.77,2022-07-13,9549723,PH
K Brosas,K Brosas - Episode 28,Education,9795300,977966,29870,69.48,2022-01-05,7086351,PH
Donnalyn Bartolome,Donnalyn Bartolome - Episode 99,Beauty,8361912,620058,114126,4.28,2021-09-07,6713071,PH
Mimiyuuuh,Mimiyuuuh - Episode 119,Education,1784557,155181,8646,9.13,2023-09-10,7717787,PH
Camille Co,Camille Co - Episode 77,Lifestyle,102397,4746,361,56.77,2023-07-17,5551176,PH
Doc Willie Ong,Doc Willie Ong - Episode 28,Music,821752,69129,5255,72.24,2021-05-25,9279758,PH
Wil Dasovich,Wil Dasovich - Episode 12,Travel,6696735,270635,39383,69.84,2023-03-28,1596331,PH
Zeinab Harake,Zeinab Harake - Episode 21,Beauty,6522997,537230,41872,68.23,2021-11-12,2123365,PH
Toni Gonzaga Studio,Toni Gonzaga Studio - Episode 103,Fitness,7258770,572507,102061,81.53,2024-05-20,2302624,PH
Mimiyuuuh,Mimiyuuuh - Episode 13,News & Commentary,6169902,376439,54760,79.92,2023-09-03,4604336,PH
Doc Willie Ong,Doc Willie Ong - Episode 55,Education,1518679,122282,19335,56.02,2023-06-09,10681159,PH
Jamil,Jamil - Episode 6,Comedy,8617440,407946,73785,21.73,2021-11-14,8410128,PH
Kyo Quijano,Kyo Quijano - Episode 83,News & Commentary,8807632,235318,75909,8.97,2023-09-06,5139762,PH
Bea Alonzo,Bea Alonzo - Episode 88,Music,5045020,440546,46803,28.0,2021-04-08,9344150,PH
Donnalyn Bartolome,Donnalyn Bartolome - Episode 66,Vlogs,1810768,110189,14406,42.89,2024-03-10,13736936,PH
Ivana Alawi,Ivana Alawi - Episode 33,Reaction,9829198,260882,88869,12.03,2023-08-06,3112385,PH
Vice Ganda,Vice Ganda - Episode 6,Travel,1402383,74747,16060,29.63,2023-07-21,12806296,PH
K Brosas,K Brosas - Episode 80,Fitness,4452210,210619,62408,73.28,2022-03-09,3205251,PH
Donnalyn Bartolome,Donnalyn Bartolome - Episode 78,Gaming,4355628,390827,18624,49.03,2021-01-12,6725890,PH
Niana Guerrero,Niana Guerrero - Episode 22,Vlogs,8009743,455057,62965,59.88,2024-05-17,12278772,PH
Andrea Brillantes,Andrea Brillantes - Episode 80,Lifestyle,6057024,455809,88176,61.41,2022-09-12,1570273,PH
Bea Alonzo,Bea Alonzo - Episode 2,Music,3206127,92826,10229,87.41,2021-02-24,3610288,PH
Andrea Brillantes,Andrea Brillantes - Episode 19,News & Commentary,4061398,222820,42696,71.52,2022-01-26,1544410,PH
Toni Gonzaga Studio,Toni Gonzaga Studio - Episode 19,Fitness,7957217,427703,34991,81.41,2023-07-01,8237735,PH
Andrea Brillantes,Andrea Brillantes - Episode 111,Vlogs,7546631,504251,40873,52.11,2023-03-14,954332,PH
Team Payaman,Team Payaman - Episode 14,Vlogs,7249199,713023,95569,66.86,2024-05-05,12365462,PH
Judy Ann's Kitchen,Judy Ann's Kitchen - Episode 5,Lifestyle,8183834,425350,74966,65.77,2023-09-27,3990733,PH
Kathryn Bernardo,Kathryn Bernardo - Episode 68,Vlogs,324096,17423,2200,7.59,2023-05-05,8041293,PH
Niana Guerrero,Niana Guerrero - Episode 80,Fitness,5822736,325293,47948,16.2,2022-01-29,7972548,PH
Mimiyuuuh,Mimiyuuuh - Episode 30,Fitness,8521717,320213,118527,31.85,2024-05-18,14418578,PH
Kathryn Bernardo,Kathryn Bernardo - Episode 60,News & Commentary,2205475,199934,25750,36.35,2023-05-04,14076775,PH
K Brosas,K Brosas - Episode 95,News & Commentary,6049085,506174,76200,76.32,2024-06-27,3576383,PH
Toni Gonzaga Studio,Toni Gonzaga Studio - Episode 96,Gaming,1451060,106456,6601,19.55,2024-05-25,8357506,PH
Niana Guerrero,Niana Guerrero - Episode 64,Travel,5099433,197743,49372,89.93,2023-01-05,14879152,PH
Ivana Alawi,Ivana Alawi - Episode 87,Reaction,2665958,90581,35493,46.31,2021-05-11,5766248,PH
Jamil,Jamil - Episode 80,Comedy,3808231,112933,21665,24.69,2022-11-28,13268198,PH
Mimiyuuuh,Mimiyuuuh - Episode 99,Vlogs,9350284,387095,45013,62.73,2023-11-22,10238295,PH
K Brosas,K Brosas - Episode 91,Comedy,850941,80099,7023,42.23,2021-08-16,1876570,PH
Wil Dasovich,Wil Dasovich - Episode 101,Education,1714062,147218,6005,11.28,2024-07-14,2080707,PH
Cong TV,Cong TV - Episode 21,Reaction,4906010,376060,59576,45.86,2021-07-23,2688652,PH
Camille Co,Camille Co - Episode 43,Reaction,2316438,69119,12561,87.33,2021-01-14,4215720,PH
Andrea Brillantes,Andrea Brillantes - Episode 37,Reaction,8477875,285712,52496,64.94,2023-04-30,6150592,PH
Camille Co,Camille Co - Episode 32,News & Commentary,2548614,204542,23844,71.27,2021-10-10,13551446,PH
Jamil,Jamil - Episode 118,Travel,6872070,631166,99109,47.42,2023-01-11,599339,PH
Lloyd Cadena,Lloyd Cadena - Episode 99,Music,171911,13307,1582,8.12,2022-11-24,5381544,PH
Small Laude,Small Laude - Episode 56,Music,1036267,53327,3570,83.18,2021-11-06,9739471,PH
Alex Gonzaga,Alex Gonzaga - Episode 92,News & Commentary,8725433,853459,70079,79.95,2024-02-08,14755676,PH
Toni Gonzaga Studio,Toni Gonzaga Studio - Episode 96,Gaming,5267932,488539,16303,26.62,2023-12-17,10340830,PH
Bea Alonzo,Bea Alonzo - Episode 52,Gaming,7490810,535670,102256,56.94,2024-06-20,11039367,PH
Lloyd Cadena,Lloyd Cadena - Episode 45,Gaming,6791479,557118,92171,9.42,2024-01-06,5711860,PH
Small Laude,Small Laude - Episode 93,Gaming,2119023,130611,20108,20.81,2023-11-14,9357430,PH
Toni Gonzaga Studio,Toni Gonzaga Studio - Episode 44,Family,2689813,58836,36806,49.51,2022-06-14,4149009,PH
Toni Gonzaga Studio,Toni Gonzaga Studio - Episode 55,Gaming,8482100,244584,31547,34.82,2024-07-08,8614426,PH
Mimiyuuuh,Mimiyuuuh - Episode 7,Comedy,2097954,117273,20705,2.46,2022-11-26,4061055,PH
Doc Willie Ong,Doc Willie Ong - Episode 92,Education,8952098,783842,51976,28.33,2024-03-19,11381567,PH
Bea Alonzo,Bea Alonzo - Episode 49,Gaming,8723559,689169,37186,47.45,2022-01-30,13905010,PH
Mimiyuuuh,Mimiyuuuh - Episode 13,Fitness,2463755,189539,31884,9.21,2021-05-08,7228416,PH
Bea Alonzo,Bea Alonzo - Episode 28,Fitness,7490391,196591,83307,37.44,2024-02-19,8806452,PH
Small Laude,Small Laude - Episode 75,Lifestyle,8373933,593853,125258,62.63,2023-09-30,12376173,PH
Jamil,Jamil - Episode 19,Music,8490679,256163,97929,13.39,2023-11-18,14583295,PH
Kyo Quijano,Kyo Quijano - Episode 89,Comedy,3572549,201615,12115,15.8,2024-02-19,6296363,PH
Niana Guerrero,Niana Guerrero - Episode 110,Education,6860503,197766,51008,27.48,2023-12-07,2672022,PH
Niana Guerrero,Niana Guerrero - Episode 40,Reaction,6287392,278285,55524,71.63,2021-10-19,13249856,PH
Doc Willie Ong,Doc Willie Ong - Episode 7,Travel,5124801,466995,28632,74.08,2023-09-29,134993,PH
Niana Guerrero,Niana Guerrero - Episode 45,Family,1138544,102052,9120,52.43,2024-03-04,7689583,PH
Team Payaman,Team Payaman - Episode 61,Travel,2233175,180789,20226,42.56,2023-07-11,11294106,PH
Lloyd Cadena,Lloyd Cadena - Episode 111,Music,5461223,148245,57327,56.88,2023-03-05,4006109,PH
Small Laude,Small Laude - Episode 70,Reaction,773727,74777,10584,66.76,2021-07-01,14628290,PH
Vice Ganda,Vice Ganda - Episode 4,Gaming,9601480,676028,117705,29.18,2021-09-11,10903087,PH
Judy Ann's Kitchen,Judy Ann's Kitchen - Episode 25,Comedy,9095471,601651,33057,52.18,2022-01-23,12692283,PH
Andrea Brillantes,Andrea Brillantes - Episode 115,Family,318131,9423,4528,17.82,2021-02-08,4713105,PH
Cong TV,Cong TV - Episode 107,Beauty,9728281,540292,123384,55.4,2023-04-03,9979985,PH
Alex Gonzaga,Alex Gonzaga - Episode 111,Fitness,395292,18656,2042,4.12,2023-12-18,5424793,PH
Small Laude,Small Laude - Episode 12,Lifestyle,1928417,189723,18322,27.11,2022-01-10,4387493,PH
Donnalyn Bartolome,Donnalyn Bartolome - Episode 40,Music,6837964,507983,25348,86.58,2022-01-07,555856,PH
Kathryn Bernardo,Kathryn Bernardo - Episode 39,Vlogs,6547102,182661,30833,80.58,2022-06-13,6400065,PH
Niana Guerrero,Niana Guerrero - Episode 26,Vlogs,4025206,322703,40382,45.38,2023-10-31,6560044,PH
Niana Guerrero,Niana Guerrero - Episode 8,Lifestyle,5345799,305704,42151,44.61,2023-04-15,10729059,PH
Viy Cortez,Viy Cortez - Episode 35,Vlogs,9300840,902906,103250,23.68,2024-02-11,11031210,PH
Bea Alonzo,Bea Alonzo - Episode 73,Lifestyle,6829064,380232,89838,46.04,2021-10-19,6363022,PH
Judy Ann's Kitchen,Judy Ann's Kitchen - Episode 101,Music,4118127,259453,33295,82.21,2023-07-15,801154,PH
Zeinab Harake,Zeinab Harake - Episode 107,Fitness,4857800,350950,24330,7.3,2023-09-15,4685262,PH
Wil Dasovich,Wil Dasovich - Episode 108,Lifestyle,6382917,637904,83675,20.72,2023-11-12,4819620,PH
Alex Gonzaga,Alex Gonzaga - Episode 95,Music,8965531,583176,59241,36.79,2021-09-09,14033446,PH
Bea Alonzo,Bea Alonzo - Episode 72,Gaming,4693532,423649,25956,46.42,2022-10-14,14929911,PH
K Brosas,K Brosas - Episode 82,Reaction,4389902,431840,50453,26.03,2022-10-21,5831597,PH
Cong TV,Cong TV - Episode 77,Fitness,5515598,117316,62338,58.89,2021-01-05,10313746,PH
Andrea Brillantes,Andrea Brillantes - Episode 116,Vlogs,165702,12231,1318,80.78,2023-09-29,12892044,PH
Small Laude,Small Laude - Episode 11,Family,1305622,82374,17901,73.81,2023-07-01,11378414,PH
Niana Guerrero,Niana Guerrero - Episode 105,Reaction,6319548,544728,46104,17.59,2021-01-18,2193190,PH
Lloyd Cadena,Lloyd Cadena - Episode 120,Reaction,3242849,180192,18348,3.74,2022-07-30,11517807,PH
Kathryn Bernardo,Kathryn Bernardo - Episode 25,Reaction,1514387,129180,15905,73.14,2022-03-29,4030196,PH
Andrea Brillantes,Andrea Brillantes - Episode 5,Reaction,4715310,280216,53983,55.33,2021-01-15,3389790,PH
Camille Co,Camille Co - Episode 15,Travel,4658119,305238,41588,50.56,2024-03-04,11377234,PH
K Brosas,K Brosas - Episode 73,Education,2949885,74422,13389,7.72,2022-06-16,9661390,PH
Viy Cortez,Viy Cortez - Episode 94,Family,4607459,162865,51307,89.29,2023-12-28,10408870,PH
Ivana Alawi,Ivana Alawi - Episode 72,News & Commentary,7620616,153604,61920,61.23,2021-04-17,14425390,PH
Team Payaman,Team Payaman - Episode 109,Travel,6831244,286385,76250,43.06,2023-01-11,8778130,PH
Alex Gonzaga,Alex Gonzaga - Episode 29,Gaming,792936,33489,6375,41.5,2021-01-11,6674301,PH
Cong TV,Cong TV - Episode 11,Reaction,9598541,812169,142856,21.86,2023-05-18,1348902,PH
Viy Cortez,Viy Cortez - Episode 22,Beauty,5528472,248031,58114,10.51,2023-09-10,7346900,PH
Zeinab Harake,Zeinab Harake - Episode 103,Education,5613665,489739,33490,43.67,2022-11-29,14067326,PH
Alex Gonzaga,Alex Gonzaga - Episode 67,Reaction,3976899,379729,48951,56.52,2021-07-15,10591611,PH
Lloyd Cadena,Lloyd Cadena - Episode 16,Education,1440034,141068,20161,35.21,2021-05-14,13230625,PH
Bea Alonzo,Bea Alonzo - Episode 118,Vlogs,7419160,180902,76631,40.0,2021-07-28,11467645,PH
Alex Gonzaga,Alex Gonzaga - Episode 7,Family,4952882,435825,38732,56.32,2023-04-22,4010970,PH
Wil Dasovich,Wil Dasovich - Episode 80,News & Commentary,182948,10295,1567,39.67,2024-06-24,10488964,PH
Niana Guerrero,Niana Guerrero - Episode 84,Reaction,440739,24825,3057,18.94,2021-07-30,306168,PH
Wil Dasovich,Wil Dasovich - Episode 9,Gaming,9951984,827540,52978,52.44,2023-11-09,4399767,PH
Mimiyuuuh,Mimiyuuuh - Episode 62,Travel,7464558,260318,34725,5.88,2021-09-19,5328902,PH
Doc Willie Ong,Doc Willie Ong - Episode 66,Travel,6006942,269682,81830,70.24,2021-10-29,7977301,PH
Toni Gonzaga Studio,Toni Gonzaga Studio - Episode 44,Education,4888242,241999,15138,53.61,2021-10-24,1061630,PH
Viy Cortez,Viy Cortez - Episode 105,Family,9391012,832946,75736,19.2,2022-02-15,10846726,PH
Cong TV,Cong TV - Episode 44,Comedy,3181859,233640,36073,88.41,2024-05-13,11716776,PH
Team Payaman,Team Payaman - Episode 73,Education,5636448,390539,45228,16.28,2023-07-20,14798610,PH
Alex Gonzaga,Alex Gonzaga - Episode 29,Fitness,67026,4765,758,43.06,2022-03-13,4110074,PH
Andrea Brillantes,Andrea Brillantes - Episode 99,Gaming,5566900,470857,41812,37.23,2021-01-14,6187061,PH
Zeinab Harake,Zeinab Harake - Episode 46,Comedy,508611,32742,2394,40.76,2024-07-16,9926187,PH
Mimiyuuuh,Mimiyuuuh - Episode 4,Vlogs,3345727,119864,17028,79.91,2021-12-23,5801191,PH
Judy Ann's Kitchen,Judy Ann's Kitchen - Episode 23,Beauty,3293125,71524,43187,82.14,2021-02-12,14049344,PH
K Brosas,K Brosas - Episode 49,Music,1866751,87869,10309,42.15,2023-01-28,13680951,PH
Mimiyuuuh,Mimiyuuuh - Episode 22,News & Commentary,8845363,868332,132435,79.59,2021-05-14,2087988,PH
Bea Alonzo,Bea Alonzo - Episode 102,Music,3186650,112598,24022,34.93,2024-05-12,7306488,PH
Camille Co,Camille Co - Episode 118,Beauty,780026,63218,7837,77.19,2022-08-26,13347084,PH
Bea Alonzo,Bea Alonzo - Episode 32,Reaction,898537,63218,5715,13.13,2023-11-07,9899273,PH
Andrea Brillantes,Andrea Brillantes - Episode 94,Beauty,1370794,113465,17123,56.11,2021-12-09,8633123,PH
Small Laude,Small Laude - Episode 97,News & Commentary,8547262,426861,78863,17.75,2023-02-05,8916018,PH
Kathryn Bernardo,Kathryn Bernardo - Episode 92,Fitness,8306232,480936,82848,58.15,2024-04-10,11000782,PH
Alex Gonzaga,Alex Gonzaga - Episode 29,Beauty,3410783,191571,19825,21.24,2023-05-21,6426402,PH
Doc Willie Ong,Doc Willie Ong - Episode 120,Music,6281479,253535,25233,68.14,2022-08-28,7557561,PH
Kyo Quijano,Kyo Quijano - Episode 30,Reaction,9802260,228308,89662,31.6,2023-07-13,7944203,PH
Jamil,Jamil - Episode 48,Travel,8352387,378877,63381,17.8,2022-04-24,4556445,PH
Camille Co,Camille Co - Episode 46,Comedy,1387753,60452,12519,50.11,2021-06-10,13284766,PH
Ivana Alawi,Ivana Alawi - Episode 13,Beauty,1994574,51276,6899,19.63,2022-02-07,11426421,PH
Team Payaman,Team Payaman - Episode 39,Lifestyle,4609751,162500,47242,14.13,2024-01-18,4481125,PH
Zeinab Harake,Zeinab Harake - Episode 37,Lifestyle,5820525,481067,45666,37.71,2024-04-02,12813876,PH
Camille Co,Camille Co - Episode 61,Vlogs,8605788,853194,124077,78.16,2022-04-12,3907191,PH
Cong TV,Cong TV - Episode 30,Fitness,8659113,579816,83399,43.25,2023-08-03,5815319,PH
Donnalyn Bartolome,Donnalyn Bartolome - Episode 109,Reaction,3156542,171411,45148,38.76,2023-06-18,7649276,PH
Judy Ann's Kitchen,Judy Ann's Kitchen - Episode 48,Vlogs,2336197,154657,10606,85.02,2021-01-20,8485256,PH
K Brosas,K Brosas - Episode 44,Reaction,3788105,202784,42537,37.5,2024-01-07,5127078,PH
Team Payaman,Team Payaman - Episode 3,Education,9527369,789138,134009,15.52,2022-11-08,9632661,PH
Camille Co,Camille Co - Episode 117,Education,9633087,860770,142204,19.97,2023-03-12,1168863,PH
Judy Ann's Kitchen,Judy Ann's Kitchen - Episode 25,Travel,7970447,228680,78382,41.74,2022-09-16,1664332,PH
Vice Ganda,Vice Ganda - Episode 87,Comedy,9281236,317519,119892,55.1,2021-02-24,3232173,PH
Cong TV,Cong TV - Episode 117,Comedy,6479228,276698,37556,60.04,2021-05-24,7727990,PH
Alex Gonzaga,Alex Gonzaga - Episode 67,Reaction,190339,6423,2534,38.16,2021-11-18,1957975,PH
Bea Alonzo,Bea Alonzo - Episode 54,Family,8028722,637893,61563,81.52,2022-02-27,2279901,PH
Cong TV,Cong TV - Episode 56,Lifestyle,7970487,260654,78916,29.31,2022-02-20,8530131,PH
Kathryn Bernardo,Kathryn Bernardo - Episode 59,News & Commentary,4626132,167170,68897,41.22,2023-03-29,10247675,PH
Viy Cortez,Viy Cortez - Episode 43,Family,9555079,863197,81432,52.7,2021-07-06,4930358,PH
Camille Co,Camille Co - Episode 45,Fitness,4995361,256198,64346,76.79,2023-05-01,4279788,PH
Vice Ganda,Vice Ganda - Episode 94,Education,7254042,410769,101048,18.14,2024-03-10,1702797,PH
Small Laude,Small Laude - Episode 6,Gaming,4026419,365773,19710,79.66,2024-01-07,4997094,PH
K Brosas,K Brosas - Episode 90,Comedy,3649931,338344,28963,69.04,2021-09-06,6286297,PH
Donnalyn Bartolome,Donnalyn Bartolome - Episode 65,Comedy,5474592,289100,27252,20.25,2021-04-02,7853883,PH
Zeinab Harake,Zeinab Harake - Episode 82,Comedy,7754462,391541,92677,77.31,2023-03-24,733753,PH
Zeinab Harake,Zeinab Harake - Episode 15,Lifestyle,2294764,105946,27500,44.66,2021-05-20,1484936,PH
Judy Ann's Kitchen,Judy Ann's Kitchen - Episode 32,News & Commentary,7348784,229432,94396,76.06,2021-12-16,14167626,PH
Zeinab Harake,Zeinab Harake - Episode 13,Education,2978536,129660,28045,36.39,2021-06-08,11364091,PH
Zeinab Harake,Zeinab Harake - Episode 35,News & Commentary,2580243,142565,13250,64.87,2023-12-27,3726672,PH
Lloyd Cadena,Lloyd Cadena - Episode 7,Gaming,8777377,625659,101790,80.94,2023-03-11,11682095,PH
Toni Gonzaga Studio,Toni Gonzaga Studio - Episode 7,Fitness,83278,1989,626,19.75,2022-05-27,6385495,PH
Viy Cortez,Viy Cortez - Episode 12,Beauty,274080,14727,4075,31.67,2022-01-29,11507827,PH
K Brosas,K Brosas - Episode 29,Comedy,1625732,136161,21078,16.77,2021-12-09,838407,PH
Jamil,Jamil - Episode 14,Family,5493523,251682,57799,56.97,2024-01-15,6728072,PH
Jamil,Jamil - Episode 30,Comedy,3591633,102256,24711,3.32,2022-10-10,301014,PH
Small Laude,Small Laude - Episode 59,Beauty,3697601,93480,47259,59.2,2023-01-26,837173,PH
Donnalyn Bartolome,Donnalyn Bartolome - Episode 53,Beauty,5063905,412220,45549,89.16,2024-01-04,13375136,PH
Doc Willie Ong,Doc Willie Ong - Episode 33,Music,1594550,108412,23562,63.28,2021-09-30,5670816,PH
Vice Ganda,Vice Ganda - Episode 98,News & Commentary,5339600,524571,58716,7.94,2021-02-06,10309494,PH
Doc Willie Ong,Doc Willie Ong - Episode 49,Fitness,8578595,611202,49662,53.7,2021-01-28,4002479,PH
Zeinab Harake,Zeinab Harake - Episode 98,Education,2086317,93274,24733,68.64,2024-06-23,1431937,PH
Alex Gonzaga,Alex Gonzaga - Episode 48,Music,8372241,366111,40354,19.99,2021-03-19,4094050,PH
Wil Dasovich,Wil Dasovich - Episode 95,Fitness,5519500,169676,37590,71.25,2021-03-23,8838796,PH
Jamil,Jamil - Episode 105,News & Commentary,4844473,387771,27846,66.49,2022-12-03,4164263,PH
Cong TV,Cong TV - Episode 7,Family,4171421,350883,47367,21.58,2023-02-21,8848847,PH
Team Payaman,Team Payaman - Episode 57,Music,106379,2677,946,85.92,2021-04-17,10742911,PH
Bea Alonzo,Bea Alonzo - Episode 17,Beauty,1544467,52348,14805,71.98,2022-02-23,4064626,PH
Kyo Quijano,Kyo Quijano - Episode 55,Comedy,7841205,352203,91429,23.55,2021-12-28,10264497,PH
Viy Cortez,Viy Cortez - Episode 37,Lifestyle,9675753,540503,102826,25.92,2023-09-13,1442445,PH
Mimiyuuuh,Mimiyuuuh - Episode 49,Travel,2819647,162572,22761,55.63,2023-06-07,12856127,PH
Bea Alonzo,Bea Alonzo - Episode 3,Fitness,6404154,347052,25608,81.77,2022-09-07,10085519,PH
Judy Ann's Kitchen,Judy Ann's Kitchen - Episode 71,Music,2952745,119832,25286,41.92,2023-02-08,9531179,PH
Wil Dasovich,Wil Dasovich - Episode 10,Fitness,5595741,173090,48297,15.62,2022-01-24,170138,PH
Zeinab Harake,Zeinab Harake - Episode 94,Family,6284004,372743,88656,84.75,2023-02-04,6543078,PH
Andrea Brillantes,Andrea Brillantes - Episode 83,Lifestyle,9875187,253779,134499,89.34,2021-09-12,6556309,PH
Doc Willie Ong,Doc Willie Ong - Episode 25,Music,7324864,707345,89767,68.14,2022-12-15,8649809,PH
Kathryn Bernardo,Kathryn Bernardo - Episode 82,Fitness,6182044,468082,66833,83.53,2022-05-21,4166006,PH
Andrea Brillantes,Andrea Brillantes - Episode 118,Vlogs,6068525,427686,67464,63.38,2021-10-30,4484401,PH
Wil Dasovich,Wil Dasovich - Episode 88,Fitness,2477414,99946,25333,85.76,2021-11-27,306987,PH
Niana Guerrero,Niana Guerrero - Episode 83,Comedy,6453284,334366,64751,81.29,2023-11-28,3267928,PH
Jamil,Jamil - Episode 107,Music,7166714,288314,47491,87.16,2023-02-23,9932786,PH
Toni Gonzaga Studio,Toni Gonzaga Studio - Episode 53,Gaming,1496048,42999,14767,72.18,2021-10-20,4613429,PH
Cong TV,Cong TV - Episode 51,Gaming,5174066,106138,25977,45.27,2021-07-18,1271745,PH
Kathryn Bernardo,Kathryn Bernardo - Episode 68,Travel,6998453,506419,82557,17.02,2023-02-07,3227273,PH
Kathryn Bernardo,Kathryn Bernardo - Episode 26,Music,8166633,282228,117450,41.66,2022-03-12,3214489,PH
Cong TV,Cong TV - Episode 96,Vlogs,3070690,260192,16282,88.5,2023-04-18,7494229,PH
Camille Co,Camille Co - Episode 14,Education,2792134,73669,11248,12.97,2021-05-12,5840356,PH
Zeinab Harake,Zeinab Harake - Episode 31,Education,8022783,471864,97287,2.84,2022-06-29,12713089,PH
Zeinab Harake,Zeinab Harake - Episode 75,News & Commentary,707283,19625,6555,2.64,2024-05-19,8825395,PH
Ivana Alawi,Ivana Alawi - Episode 61,Fitness,5659424,386820,39834,62.0,2022-12-04,5388577,PH
Viy Cortez,Viy Cortez - Episode 86,Reaction,6690239,336350,24666,33.33,2022-11-08,13626969,PH
Niana Guerrero,Niana Guerrero - Episode 59,Vlogs,6746225,526324,92124,14.22,2024-05-17,2161828,PH
Kyo Quijano,Kyo Quijano - Episode 90,Lifestyle,4174769,206544,43502,59.98,2023-09-01,8738823,PH
Jamil,Jamil - Episode 25,News & Commentary,57497,5686,833,73.51,2021-02-04,10733018,PH
Mimiyuuuh,Mimiyuuuh - Episode 104,Vlogs,5466406,405795,31719,44.64,2024-06-08,13420444,PH
Donnalyn Bartolome,Donnalyn Bartolome - Episode 55,Reaction,7993000,790905,106188,81.66,2023-02-28,5030202,PH
Wil Dasovich,Wil Dasovich - Episode 92,Beauty,2406850,215626,32528,71.07,2023-10-31,632605,PH
Bea Alonzo,Bea Alonzo - Episode 102,Fitness,1466125,64667,16239,50.29,2023-08-15,2919458,PH
Lloyd Cadena,Lloyd Cadena - Episode 62,Comedy,9075902,356429,50277,68.29,2021-07-03,1869487,PH
Jamil,Jamil - Episode 4,Gaming,2693301,254032,18632,35.75,2022-07-29,3797296,PH
Ivana Alawi,Ivana Alawi - Episode 61,News & Commentary,2070243,151620,29134,57.75,2023-10-05,1617360,PH
Kathryn Bernardo,Kathryn Bernardo - Episode 112,Reaction,3759845,355464,45855,54.86,2022-12-04,6425183,PH
Kathryn Bernardo,Kathryn Bernardo - Episode 95,Gaming,6408032,463387,79594,87.03,2023-06-14,13663498,PH
Viy Cortez,Viy Cortez - Episode 34,Beauty,1945955,84217,8438,31.94,2024-04-27,3256740,PH
Niana Guerrero,Niana Guerrero - Episode 48,Education,2142710,189129,30959,52.77,2021-01-04,5314340,PH
Alex Gonzaga,Alex Gonzaga - Episode 69,Education,3190283,280009,47082,30.13,2023-01-18,13480134,PH
K Brosas,K Brosas - Episode 67,Music,9916576,374562,76791,49.37,2023-08-02,5400362,PH
Bea Alonzo,Bea Alonzo - Episode 108,Lifestyle,3677603,220606,31147,54.93,2021-10-26,12633585,PH
K Brosas,K Brosas - Episode 5,Gaming,5376047,240370,80017,12.86,2024-03-21,8124252,PH
Camille Co,Camille Co - Episode 64,Beauty,4895476,373677,36816,88.34,2022-11-14,2661918,PH
Kathryn Bernardo,Kathryn Bernardo - Episode 109,Beauty,3781077,287485,13728,78.16,2022-01-02,14474362,PH
Andrea Brillantes,Andrea Brillantes - Episode 51,Gaming,5023095,496036,54807,76.67,2021-02-14,9292956,PH
Small Laude,Small Laude - Episode 55,Reaction,7947696,788611,96108,36.41,2023-12-18,12292918,PH
Toni Gonzaga Studio,Toni Gonzaga Studio - Episode 90,Lifestyle,3278103,249426,31391,10.56,2022-10-25,12720937,PH
Doc Willie Ong,Doc Willie Ong - Episode 109,Vlogs,5106515,289042,25350,14.11,2023-09-16,4983538,PH
Bea Alonzo,Bea Alonzo - Episode 28,Beauty,3287547,259142,10222,65.88,2024-03-24,1810400,PH
K Brosas,K Brosas - Episode 49,Music,7170734,533184,35987,6.96,2022-12-30,8050315,PH
Vice Ganda,Vice Ganda - Episode 16,Vlogs,8652567,623052,87570,87.34,2024-07-08,12222384,PH
Small Laude,Small Laude - Episode 5,Beauty,1998175,78465,17710,62.54,2021-12-20,11052115,PH
Small Laude,Small Laude - Episode 102,Gaming,1508425,124020,20180,59.23,2022-07-18,10708795,PH
Camille Co,Camille Co - Episode 48,Fitness,199656,5909,796,45.05,2023-11-10,3873783,PH
Zeinab Harake,Zeinab Harake - Episode 74,Education,9612146,560963,108854,10.32,2024-04-29,3138296,PH
Small Laude,Small Laude - Episode 83,Fitness,7280548,319390,32783,30.62,2024-01-06,3201936,PH
Small Laude,Small Laude - Episode 3,Gaming,6611809,426361,62395,73.47,2023-09-28,1172595,PH
Kyo Quijano,Kyo Quijano - Episode 69,Education,2086873,167535,11456,59.96,2021-08-29,3131041,PH
Wil Dasovich,Wil Dasovich - Episode 24,Gaming,94321,6072,1189,12.83,2021-09-21,9748258,PH
Cong TV,Cong TV - Episode 21,News & Commentary,1478390,96094,19540,5.08,2021-09-13,8591759,PH
Toni Gonzaga Studio,Toni Gonzaga Studio - Episode 70,Reaction,2884023,155287,41364,2.01,2022-09-08,874541,PH
Kyo Quijano,Kyo Quijano - Episode 85,Lifestyle,8965751,498438,88983,63.17,2023-12-07,6007545,PH
Wil Dasovich,Wil Dasovich - Episode 66,Family,3525522,264535,38609,5.94,2021-03-17,3255352,PH
Bea Alonzo,Bea Alonzo - Episode 110,Lifestyle,3615673,349251,36972,21.01,2023-01-06,4753927,PH
Bea Alonzo,Bea Alonzo - Episode 80,Gaming,7085237,183853,42933,35.6,2021-12-01,6811882,PH
Lloyd Cadena,Lloyd Cadena - Episode 33,Comedy,7141077,679944,33698,19.93,2024-07-13,12392245,PH
Ivana Alawi,Ivana Alawi - Episode 90,News & Commentary,3236751,249733,31602,59.0,2023-11-14,10249287,PH
Vice Ganda,Vice Ganda - Episode 106,Travel,2580158,116903,32131,35.35,2024-05-21,4252322,PH
Donnalyn Bartolome,Donnalyn Bartolome - Episode 16,Lifestyle,8921589,256934,85472,7.8,2021-07-02,6187100,PH
Team Payaman,Team Payaman - Episode 19,Lifestyle,3792716,158883,15835,88.19,2022-04-01,6452396,PH
Niana Guerrero,Niana Guerrero - Episode 23,Comedy,8837796,691700,59024,74.28,2023-09-30,1702904,PH
Kyo Quijano,Kyo Quijano - Episode 90,Reaction,9604219,857002,92378,55.46,2021-04-09,2964666,PH
Team Payaman,Team Payaman - Episode 24,Travel,5796040,489688,64531,71.41,2024-02-04,10076017,PH
Small Laude,Small Laude - Episode 76,Fitness,2145306,87367,24113,64.76,2021-09-16,2493607,PH
Small Laude,Small Laude - Episode 95,Education,4490722,108806,52564,87.76,2022-05-26,11478563,PH
Wil Dasovich,Wil Dasovich - Episode 91,Travel,7685384,266285,114012,72.27,2023-10-26,4912035,PH
Ivana Alawi,Ivana Alawi - Episode 67,Travel,3843024,170687,51093,85.38,2023-04-13,13028160,PH
Team Payaman,Team Payaman - Episode 82,Comedy,1338367,34978,7870,10.24,2024-03-24,1063205,PH
Donnalyn Bartolome,Donnalyn Bartolome - Episode 37,Gaming,9302258,877827,118140,2.94,2023-05-19,11458729,PH
Kyo Quijano,Kyo Quijano - Episode 18,Gaming,8052291,481723,90358,61.56,2023-12-27,11808516,PH
Niana Guerrero,Niana Guerrero - Episode 2,Travel,3195758,296792,38192,64.85,2023-12-31,12677341,PH
Mimiyuuuh,Mimiyuuuh - Episode 95,Beauty,8865239,662466,31101,41.48,2021-12-12,11416604,PH
Kyo Quijano,Kyo Quijano - Episode 23,Beauty,1265344,62462,5820,33.09,2021-04-15,7192102,PH
Andrea Brillantes,Andrea Brillantes - Episode 22,Travel,6267661,611587,44221,61.76,2024-01-10,14373670,PH
Niana Guerrero,Niana Guerrero - Episode 39,Lifestyle,8110487,352673,45068,66.95,2024-03-10,6703872,PH
Cong TV,Cong TV - Episode 119,Lifestyle,8654141,744759,29641,42.75,2024-06-19,14332981,PH
Andrea Brillantes,Andrea Brillantes - Episode 46,Vlogs,103836,7189,720,33.14,2021-01-11,5967356,PH
Vice Ganda,Vice Ganda - Episode 46,Travel,153708,4320,1368,9.46,2023-11-20,2678837,PH
Jamil,Jamil - Episode 117,Comedy,8182419,168171,100098,24.01,2023-08-22,6733020,PH
Mimiyuuuh,Mimiyuuuh - Episode 47,Lifestyle,7191377,657115,67865,25.71,2023-06-18,11110545,PH
Lloyd Cadena,Lloyd Cadena - Episode 18,Music,5939735,473796,18233,79.75,2022-02-11,1956661,PH
Cong TV,Cong TV - Episode 6,Lifestyle,2247783,115903,26809,81.29,2021-11-25,11277062,PH
Cong TV,Cong TV - Episode 86,Fitness,4464377,131714,39593,45.61,2021-09-18,5550711,PH
Small Laude,Small Laude - Episode 93,Family,6528795,199215,94616,71.76,2021-09-16,2709561,PH
Mimiyuuuh,Mimiyuuuh - Episode 2,Family,3972894,95997,51480,39.81,2024-05-07,12472048,PH
Zeinab Harake,Zeinab Harake - Episode 62,Travel,4861444,206989,19403,39.75,2024-06-18,2658453,PH
Kyo Quijano,Kyo Quijano - Episode 32,Music,4721726,384056,63129,89.49,2022-05-22,11279169,PH
Jamil,Jamil - Episode 61,Beauty,1734141,131953,15655,17.94,2024-04-25,10651323,PH
Camille Co,Camille Co - Episode 30,Music,2026003,61962,7010,89.16,2021-10-27,7252177,PH
Zeinab Harake,Zeinab Harake - Episode 26,Education,1530643,136453,11578,48.2,2024-07-21,3982711,PH
Viy Cortez,Viy Cortez - Episode 55,Reaction,8044562,200373,65361,6.55,2021-08-14,4617199,PH
Mimiyuuuh,Mimiyuuuh - Episode 45,Lifestyle,7019121,279062,96451,17.99,2021-01-02,974606,PH
K Brosas,K Brosas - Episode 42,Gaming,3561393,152517,22657,55.37,2023-06-02,3201100,PH
Ivana Alawi,Ivana Alawi - Episode 47,Fitness,5613323,248942,23366,3.2,2024-02-05,13026234,PH
Bea Alonzo,Bea Alonzo - Episode 47,Reaction,6068033,482011,61086,55.21,2022-05-03,11009356,PH
Ivana Alawi,Ivana Alawi - Episode 75,Beauty,6448279,173964,27575,57.4,2024-05-17,2119210,PH
Alex Gonzaga,Alex Gonzaga - Episode 117,Education,3199945,113387,26717,10.68,2024-01-25,10485270,PH
Team Payaman,Team Payaman - Episode 93,Lifestyle,7960730,789478,43178,65.43,2021-03-31,2244664,PH
Cong TV,Cong TV - Episode 71,Travel,4241674,387379,51376,76.46,2024-02-22,5927390,PH
Mimiyuuuh,Mimiyuuuh - Episode 81,Fitness,1975130,183426,7530,38.87,2023-10-29,13368851,PH
Zeinab Harake,Zeinab Harake - Episode 77,Music,4604450,348724,20937,6.0,2024-03-05,1119943,PH
Kathryn Bernardo,Kathryn Bernardo - Episode 95,Beauty,6673839,397774,62664,47.19,2021-06-03,2876934,PH
Lloyd Cadena,Lloyd Cadena - Episode 50,Family,9442160,777559,73745,25.89,2022-01-12,160407,PH
Vice Ganda,Vice Ganda - Episode 28,Education,9939003,752757,134672,71.58,2023-07-22,8552659,PH
Kathryn Bernardo,Kathryn Bernardo - Episode 68,Gaming,4347524,192477,24537,64.33,2024-02-05,2098223,PH
Vice Ganda,Vice Ganda - Episode 6,Beauty,8956748,349826,31071,15.04,2022-07-23,2330889,PH
Ivana Alawi,Ivana Alawi - Episode 83,Vlogs,4182662,414764,23086,12.22,2022-12-13,10714657,PH
Wil Dasovich,Wil Dasovich - Episode 42,Reaction,1401638,134156,19073,25.24,2021-10-01,6950856,PH
Wil Dasovich,Wil Dasovich - Episode 42,Lifestyle,965720,67674,3017,33.28,2022-07-27,3065125,PH
Ivana Alawi,Ivana Alawi - Episode 69,Vlogs,9790499,279180,116988,35.61,2022-06-12,14696610,PH
Camille Co,Camille Co - Episode 78,News & Commentary,9247195,337455,76809,30.54,2022-02-22,9858699,PH
Camille Co,Camille Co - Episode 20,Travel,7488576,288593,87731,34.44,2023-09-09,1671875,PH
